episode,q_loss,actor_loss,mean_return
1,0.000718,-0.074329,-0.003785
2,0.000039,-0.071579,-0.000698
