episode,q_loss,actor_loss,mean_return
1,31.046192,-0.002491,-34.018757
2,23.227849,0.002030,-39.701317
