episode,q_loss,actor_loss,mean_return
1,0.000007,-0.003325,-0.000817
2,0.000006,-0.004270,-0.000695
3,0.000005,-0.006534,-0.000660
