idx,total_return_rl,total_cost_rl,total_cost_numerical_adjoint
0,-69.46607971191406,69.46607971191406,25.03041648864746
1,-87.55403137207031,87.55403137207031,25.18461799621582
2,-65.51544952392578,65.51544952392578,25.00676727294922
3,-77.7467269897461,77.7467269897461,25.099578857421875
4,-53.31847381591797,53.31847381591797,24.954675674438477
5,-75.14234924316406,75.14234924316406,25.079343795776367
6,-60.737144470214844,60.737144470214844,24.974754333496094
7,-59.1645393371582,59.1645393371582,24.96608543395996
mean,-68.58059692382812,68.58059692382812,25.037029266357422
