idx,total_return_rl,total_cost_rl,total_cost_adjoint_open_loop
0,-8.766292012296617e-05,8.766292012296617e-05,0.0
1,-0.003997350577265024,0.003997350577265024,0.0008103350410237908
2,-8.889711170922965e-05,8.889711170922965e-05,0.0
3,-8.750904817134142e-05,8.750904817134142e-05,0.0
mean,-0.0010653549106791615,0.0010653549106791615,0.0002025837602559477
